{
  "run_name": "run_20260213_173057_lb30_ep120",
  "samples": 773,
  "look_back": 30,
  "epochs_requested": 120,
  "epochs_trained": 36,
  "train_samples": 506,
  "val_samples": 89,
  "test_samples": 148,
  "input_dim": 4,
  "features": [
    "visitor_count_scaled",
    "month_norm",
    "day_of_week_norm",
    "is_holiday"
  ],
  "mae": 4637.48193359375,
  "rmse": 6089.34619140625,
  "mape": 0.3237321674823761,
  "smape": 0.25598594546318054,
  "r2": 0.7743655443191528,
  "peak_threshold": 20682.00048828125,
  "classification_accuracy": 0.9459459459459459,
  "classification_precision": 0.9014084507042254,
  "classification_recall": 0.9846153846153847,
  "classification_f1": 0.9411764705882353
}