{
  "model": "seq2seq_attention",
  "n_folds": 4,
  "test_window_days": 90,
  "mae_mean": 3942.3322655087427,
  "mae_std": 1027.2571087967399,
  "rmse_mean": 5488.426877781252,
  "rmse_std": 1346.335019909748,
  "smape_mean": 21.621831423774875,
  "smape_std": 5.508566466366112,
  "crowd_f1_mean": 0.7439101519854752,
  "crowd_f1_std": 0.2227788929213535,
  "crowd_recall_mean": 0.7545440303375315,
  "crowd_recall_std": 0.25288531997811364,
  "suitability_f1_mean": 0.7988247037457019,
  "suitability_f1_std": 0.15677003002823905,
  "suitability_recall_mean": 0.8090659709867573,
  "suitability_recall_std": 0.16759986272867228,
  "brier_mean": 0.12884803635235198,
  "brier_std": 0.09093725937208338,
  "ece_mean": 0.12670789375432714,
  "ece_std": 0.09188065903448378,
  "expected_cost_mean": 0.40714285714285714,
  "expected_cost_std": 0.11731365074611541
}