{
  "run_name": "run_20260213_174600_lb30_ep120",
  "samples": 773,
  "look_back": 30,
  "epochs_requested": 120,
  "epochs_trained": 56,
  "train_samples": 506,
  "val_samples": 89,
  "test_samples": 148,
  "input_dim": 4,
  "features": [
    "visitor_count_scaled",
    "month_norm",
    "day_of_week_norm",
    "is_holiday"
  ],
  "mae": 4201.08154296875,
  "rmse": 5734.88330078125,
  "mape": 0.2600463330745697,
  "smape": 0.2233138233423233,
  "r2": 0.7998695373535156,
  "peak_threshold": 20682.00048828125,
  "classification_accuracy": 0.9527027027027027,
  "classification_precision": 0.9142857142857143,
  "classification_recall": 0.9846153846153847,
  "classification_f1": 0.9481481481481482
}