{
  "run_name": "run_20260213_180440_lb30_ep120",
  "samples": 773,
  "look_back": 30,
  "epochs_requested": 120,
  "epochs_trained": 47,
  "train_samples": 506,
  "val_samples": 89,
  "test_samples": 148,
  "input_dim": 4,
  "features": [
    "visitor_count_scaled",
    "month_norm",
    "day_of_week_norm",
    "is_holiday"
  ],
  "mae": 4143.3134765625,
  "rmse": 5696.19482421875,
  "mape": 0.23649102449417114,
  "smape": 0.23333075642585754,
  "r2": 0.8025606274604797,
  "peak_threshold": 20682.00048828125,
  "classification_accuracy": 0.9594594594594594,
  "classification_precision": 0.927536231884058,
  "classification_recall": 0.9846153846153847,
  "classification_f1": 0.9552238805970149
}