{
  "model": "lstm",
  "n_folds": 4,
  "test_window_days": 90,
  "mae_mean": 2628.612588161892,
  "mae_std": 387.1251588134613,
  "rmse_mean": 3844.218177279885,
  "rmse_std": 464.46657328102617,
  "smape_mean": 14.677823278963094,
  "smape_std": 3.842236286551296,
  "crowd_f1_mean": 0.8441682736186429,
  "crowd_f1_std": 0.12030399227623492,
  "crowd_recall_mean": 0.8611768538065709,
  "crowd_recall_std": 0.11125380703293856,
  "suitability_f1_mean": 0.9525128200241899,
  "suitability_f1_std": 0.03116275152909294,
  "suitability_recall_mean": 0.95297771282426,
  "suitability_recall_std": 0.025600763046856843,
  "brier_mean": 0.04469388103632417,
  "brier_std": 0.018272272000350146,
  "ece_mean": 0.04460429094757236,
  "ece_std": 0.016904035517080664,
  "expected_cost_mean": 0.16666666666666666,
  "expected_cost_std": 0.07425902835467935
}