{
  "model": "gru",
  "n_folds": 4,
  "test_window_days": 90,
  "mae_mean": 2710.226577419705,
  "mae_std": 399.70931280410525,
  "rmse_mean": 3899.250237435729,
  "rmse_std": 448.88539290601346,
  "smape_mean": 14.845876611392812,
  "smape_std": 3.6945437973032287,
  "crowd_f1_mean": 0.8235765173151052,
  "crowd_f1_std": 0.14111439115869606,
  "crowd_recall_mean": 0.8102950999472226,
  "crowd_recall_std": 0.15764563446694846,
  "suitability_f1_mean": 0.9495444075973084,
  "suitability_f1_std": 0.024409261509696453,
  "suitability_recall_mean": 0.9373097064912922,
  "suitability_recall_std": 0.035034874878675584,
  "brier_mean": 0.043290702114747816,
  "brier_std": 0.014425939734476086,
  "ece_mean": 0.0475287501764788,
  "ece_std": 0.01053466219698434,
  "expected_cost_mean": 0.20277777777777778,
  "expected_cost_std": 0.06751009679095624
}